year,month,temp_c,co2_ppm,ch4_ppb,solar_wm2,co2_emissions_mt,months_elapsed,co2_growth,ch4_growth,co2_ma12,ch4_ma12,solar_anomaly,log_emissions
1983,12,0.16,343.2,1639.53,1361.4444177243274,18901.775,11,1.4099999999999682,-3.0799999999999272,342.135,1636.5649999999998,0.43838673152708907,9.847064015666765
1984,1,0.31,344.21,1638.74,1361.4548159976773,19457.25,12,1.009999999999991,-0.7899999999999636,342.43142857142857,1636.8757142857141,0.4487850048769815,9.876026423638672
1984,2,0.14,344.92,1638.82,1361.464183966508,19457.25,13,0.7100000000000364,0.07999999999992724,342.7425,1637.11875,0.4581529737076835,9.876026423638672
1984,3,0.26,345.68,1640.86,1361.4725004093573,19457.25,14,0.7599999999999909,2.0399999999999636,343.06888888888886,1637.5344444444445,0.4664694165569472,9.876026423638672
1984,4,0.05,347.37,1643.97,1361.4797464868072,19457.25,15,1.6899999999999977,3.1100000000001273,343.49899999999997,1638.1779999999999,0.4737154940069104,9.876026423638672
1984,5,0.33,347.77,1643.15,1361.4859057841618,19457.25,16,0.39999999999997726,-0.8199999999999363,343.8872727272727,1638.63,0.4798747913614534,9.876026423638672
1984,6,0.02,347.16,1639.74,1361.4909643486315,19457.25,17,-0.6099999999999568,-3.410000000000082,344.16,1638.7224999999999,0.4849333558311173,9.876026423638672
1984,7,0.19,345.79,1637.99,1361.4949107209404,19457.25,18,-1.3700000000000045,-1.75,344.28249999999997,1639.7241666666666,0.4888797281400912,9.876026423638672
1984,8,0.19,343.74,1641.69,1361.4977359612865,19457.25,19,-2.0500000000000114,3.7000000000000455,344.385,1640.8608333333332,0.49170496848614675,9.876026423638672
1984,9,0.21,341.59,1650.61,1361.4994336695916,19457.25,20,-2.150000000000034,8.919999999999845,344.4791666666667,1641.8766666666668,0.4934026767912201,9.876026423638672
1984,10,0.13,341.86,1654.6,1361.5,19457.25,21,0.27000000000003865,3.990000000000009,344.59,1642.6925,0.4939690071996665,9.876026423638672
1984,11,0.06,343.31,1653.79,1361.4994336695916,19457.25,22,1.4499999999999886,-0.8099999999999454,344.71666666666664,1643.6241666666665,0.4934026767912201,9.876026423638672
1984,12,-0.05,345.0,1656.19,1361.4977359612865,19457.25,23,1.6899999999999977,2.400000000000091,344.8666666666666,1645.0125,0.49170496848614675,9.876026423638672
1985,1,0.22,345.48,1655.6,1361.4949107209404,20144.863,24,0.4800000000000182,-0.5900000000001455,344.9725,1646.4174999999998,0.4888797281400912,9.910754236122113
1985,2,-0.04,346.41,1652.25,1361.4909643486315,20144.863,25,0.9300000000000068,-3.349999999999909,345.09666666666664,1647.5366666666666,0.4849333558311173,9.910754236122113
1985,3,0.17,347.91,1654.61,1361.4859057841618,20144.863,26,1.5,2.3599999999999,345.2825,1648.6825,0.4798747913614534,9.910754236122113
1985,4,0.12,348.66,1658.19,1361.4797464868072,20144.863,27,0.75,3.5800000000001546,345.39000000000004,1649.8675,0.4737154940069104,9.910754236122113
1985,5,0.14,349.28,1655.88,1361.4725004093573,20144.863,28,0.6199999999999477,-2.3099999999999454,345.5158333333334,1650.9283333333333,0.4664694165569472,9.910754236122113
1985,6,0.15,348.65,1650.06,1361.464183966508,20144.863,29,-0.6299999999999955,-5.820000000000164,345.64000000000004,1651.7883333333336,0.4581529737076835,9.910754236122113
1985,7,0.04,346.9,1646.81,1361.4548159976773,20144.863,30,-1.75,-3.25,345.7325,1652.5233333333333,0.4487850048769815,9.910754236122113
1985,8,0.16,345.26,1652.24,1361.4444177243274,20144.863,31,-1.6399999999999864,5.430000000000064,345.8591666666667,1653.4025000000001,0.43838673152708907,9.910754236122113
1985,9,0.13,343.47,1662.48,1361.4330127018923,20144.863,32,-1.7899999999999636,10.240000000000009,346.0158333333334,1654.3916666666667,0.4269817090919332,9.910754236122113
1985,10,0.11,343.35,1667.5,1361.4206267664156,20144.863,33,-0.12000000000000455,5.019999999999982,346.14000000000004,1655.4666666666665,0.4145957736152468,9.910754236122113
1985,11,0.05,344.73,1666.81,1361.4072879760251,20144.863,34,1.3799999999999955,-0.6900000000000546,346.2583333333334,1656.551666666667,0.40125698322481185,9.910754236122113
1985,12,0.13,346.12,1666.05,1361.3930265473714,20144.863,35,1.3899999999999864,-0.7599999999999909,346.3516666666667,1657.3733333333332,0.38699555457105816,9.910754236122113
1986,1,0.26,346.78,1666.29,1361.3778747871772,20438.045,36,0.6599999999999682,0.2400000000000091,346.46000000000004,1658.2641666666666,0.3718437943769004,9.925202321112625
1986,2,0.37,347.48,1666.93,1361.3618670190526,20438.045,37,0.7000000000000455,0.6400000000001,346.5491666666667,1659.4875,0.35583602625229105,9.925202321112625
1986,3,0.3,348.25,1669.26,1361.345039505741,20438.045,38,0.7699999999999818,2.3299999999999272,346.57750000000004,1660.7083333333333,0.33900851294060885,9.925202321112625
1986,4,0.22,349.86,1670.8,1361.3274303669727,20438.045,39,1.6100000000000136,1.5399999999999636,346.6775,1661.7591666666667,0.32139937417241526,9.925202321112625
1986,5,0.21,350.52,1668.45,1361.3090794931104,20438.045,40,0.6599999999999682,-2.349999999999909,346.7808333333333,1662.8066666666666,0.30304850031006936,9.925202321112625
1986,6,0.12,349.98,1664.77,1361.2900284547857,20438.045,41,-0.5399999999999636,-3.6800000000000637,346.89166666666665,1664.0325,0.2839974619853365,9.925202321112625
1986,7,0.11,348.25,1662.33,1361.270320408728,20438.045,42,-1.7300000000000182,-2.4400000000000546,347.00416666666666,1665.3258333333333,0.2642894159275784,9.925202321112625
1986,8,0.15,346.17,1664.37,1361.25,20438.045,43,-2.079999999999984,2.0399999999999636,347.08,1666.3366666666668,0.24396900719966652,9.925202321112625
1986,9,0.03,345.48,1672.57,1361.2291132608636,20438.045,44,-0.6899999999999977,8.200000000000045,347.2475,1667.1775,0.22308226806330822,9.925202321112625
1986,10,0.15,344.82,1678.68,1361.207707506501,20438.045,45,-0.660000000000025,6.110000000000127,347.37000000000006,1668.1091666666664,0.20167651370070416,9.925202321112625
1986,11,0.1,346.22,1678.98,1361.1858312278302,20438.045,46,1.400000000000034,0.2999999999999545,347.4941666666667,1669.1233333333332,0.1798002350299157,9.925202321112625
1986,12,0.13,347.48,1679.12,1361.1635339816587,20438.045,47,1.259999999999991,0.13999999999987267,347.6075,1670.2124999999999,0.15750298885836855,9.925202321112625
1987,1,0.31,348.73,1679.42,1361.1408662784206,21106.189,48,1.25,0.3000000000001819,347.77,1671.3066666666666,0.13483528562028368,9.957368972335853
1987,2,0.43,348.92,1679.04,1361.1178794677546,21106.189,49,0.18999999999999773,-0.38000000000010914,347.89000000000004,1672.3158333333333,0.11184847495428585,9.957368972335853
1987,3,0.18,349.81,1680.01,1361.0946256221803,21106.189,50,0.8899999999999864,0.9700000000000273,348.02,1673.2116666666668,0.08859462937994067,9.957368972335853
1987,4,0.24,351.4,1681.36,1361.0711574191366,21106.189,51,1.589999999999975,1.349999999999909,348.1483333333333,1674.0916666666665,0.06512642633629184,9.957368972335853
1987,5,0.25,352.15,1681.86,1361.0475280216522,21106.189,52,0.75,0.5,348.28416666666664,1675.2091666666665,0.04149702885183615,9.957368972335853
1987,6,0.35,351.58,1679.98,1361.0237909579118,21106.189,53,-0.5699999999999932,-1.8799999999998818,348.4175,1676.4766666666665,0.01775996511150879,9.957368972335853
1987,7,0.4,350.21,1675.98,1361.0,21106.189,54,-1.3700000000000045,-4.0,348.5808333333334,1677.6141666666665,-0.006030992800333479,9.957368972335853
1987,8,0.24,348.2,1677.19,1360.9762090420882,21106.189,55,-2.009999999999991,1.2100000000000364,348.75,1678.6825000000001,-0.02982195071217575,9.957368972335853
1987,9,0.35,346.66,1685.58,1360.9524719783478,21106.189,56,-1.5399999999999636,8.389999999999873,348.84833333333336,1679.7666666666664,-0.053559014452503106,9.957368972335853
1987,10,0.32,346.72,1691.55,1360.9288425808634,21106.189,57,0.060000000000002274,5.970000000000027,349.00666666666666,1680.8391666666666,-0.0771884119369588,9.957368972335853
1987,11,0.29,348.08,1691.19,1360.9053743778197,21106.189,58,1.3599999999999568,-0.35999999999989996,349.16166666666663,1681.8566666666666,-0.10065661498060763,9.957368972335853
1987,12,0.46,349.28,1690.51,1360.8821205322454,21106.189,59,1.1999999999999886,-0.6800000000000637,349.31166666666667,1682.805833333333,-0.1239104605549528,9.957368972335853
1988,1,0.56,350.51,1691.98,1360.8591337215794,21918.756,60,1.2300000000000182,1.4700000000000273,349.46,1683.8525,-0.14689727122095064,9.995143609613136
1988,2,0.44,351.7,1692.54,1360.8364660183413,21918.756,61,1.1899999999999977,0.5599999999999454,349.6916666666666,1684.9775,-0.1695649744590355,9.995143609613136
1988,3,0.51,352.5,1691.29,1360.8141687721698,21918.756,62,0.8000000000000114,-1.25,349.9158333333333,1685.9174999999998,-0.19186222063058267,9.995143609613136
1988,4,0.42,353.67,1690.06,1360.792292493499,21918.756,63,1.170000000000016,-1.2300000000000182,350.105,1686.6425000000002,-0.21373849930137112,9.995143609613136
1988,5,0.44,354.35,1689.1,1360.7708867391364,21918.756,64,0.6800000000000068,-0.9600000000000364,350.28833333333336,1687.2458333333334,-0.23514425366397518,9.995143609613136
1988,6,0.4,353.88,1687.19,1360.75,21918.756,65,-0.4700000000000273,-1.9099999999998545,350.48,1687.8466666666666,-0.2560309928003335,9.995143609613136
1988,7,0.33,352.8,1686.02,1360.729679591272,21918.756,66,-1.079999999999984,-1.1700000000000728,350.6958333333334,1688.6833333333334,-0.27635140152824533,9.995143609613136
1988,8,0.39,350.49,1689.44,1360.7099715452143,21918.756,67,-2.3100000000000023,3.4200000000000728,350.8866666666666,1689.7041666666667,-0.29605944758600344,9.995143609613136
1988,9,0.37,348.97,1696.11,1360.6909205068896,21918.756,68,-1.5199999999999818,6.669999999999845,351.07916666666665,1690.5816666666667,-0.3151104859107363,9.995143609613136
1988,10,0.37,349.37,1701.14,1360.6725696330273,21918.756,69,0.39999999999997726,5.0300000000002,351.29999999999995,1691.3808333333336,-0.3334613597730822,9.995143609613136
1988,11,0.12,350.42,1702.84,1360.6549604942588,21918.756,70,1.0500000000000114,1.699999999999818,351.49499999999995,1692.3516666666667,-0.3510704985415032,9.995143609613136
1988,12,0.29,351.62,1701.9,1360.6381329809474,21918.756,71,1.1999999999999886,-0.9399999999998272,351.69,1693.3008333333335,-0.367898011852958,9.995143609613136
1989,1,0.12,353.07,1700.55,1360.6221252128228,22200.213,72,1.4499999999999886,-1.3500000000001364,351.90333333333336,1694.015,-0.38390577997756736,10.00790220600732
1989,2,0.29,353.43,1701.12,1360.6069734526286,22200.213,73,0.36000000000001364,0.5699999999999363,352.04749999999996,1694.7300000000002,-0.3990575401717251,10.00790220600732
1989,3,0.36,354.08,1702.49,1360.5927120239749,22200.213,74,0.6499999999999773,1.3700000000001182,352.1791666666666,1695.6633333333332,-0.4133189688254788,10.00790220600732
1989,4,0.29,355.72,1703.58,1360.5793732335844,22200.213,75,1.6400000000000432,1.0899999999999181,352.34999999999997,1696.79,-0.42665775921591376,10.00790220600732
1989,5,0.17,355.95,1703.36,1360.5669872981077,22200.213,76,0.22999999999996135,-0.22000000000002728,352.48333333333335,1697.9783333333332,-0.4390436946926002,10.00790220600732
1989,6,0.15,355.44,1700.21,1360.5555822756726,22200.213,77,-0.5099999999999909,-3.1499999999998636,352.6133333333333,1699.0633333333335,-0.450448717127756,10.00790220600732
1989,7,0.34,354.05,1698.2,1360.5451840023227,22200.213,78,-1.3899999999999864,-2.009999999999991,352.7175,1700.0783333333336,-0.46084699047764843,10.00790220600732
1989,8,0.33,351.84,1701.97,1360.535816033492,22200.213,79,-2.2100000000000364,3.769999999999982,352.83,1701.1224999999997,-0.47021495930835044,10.00790220600732
1989,9,0.34,350.09,1707.17,1360.5274995906427,22200.213,80,-1.75,5.2000000000000455,352.92333333333335,1702.0441666666668,-0.47853140215761414,10.00790220600732
1989,10,0.29,350.33,1710.53,1360.5202535131928,22200.213,81,0.2400000000000091,3.3599999999999,353.00333333333333,1702.8266666666666,-0.48577747960757733,10.00790220600732
1989,11,0.19,351.55,1713.11,1360.5140942158382,22200.213,82,1.2200000000000273,2.5799999999999272,353.0975,1703.6825000000001,-0.49193677696212035,10.00790220600732
1989,12,0.37,352.91,1713.22,1360.5090356513685,22200.213,83,1.3600000000000136,0.11000000000012733,353.205,1704.6258333333335,-0.49699534143178425,10.00790220600732
1990,1,0.41,353.86,1712.14,1360.5050892790596,22732.145,84,0.9499999999999886,-1.0799999999999272,353.2708333333333,1705.591666666667,-0.5009417137407581,10.03157927067165
1990,2,0.43,355.1,1713.51,1360.5022640387135,22732.145,85,1.240000000000009,1.3699999999998909,353.41,1706.6241666666665,-0.5037669540868137,10.03157927067165
1990,3,0.8,355.75,1714.36,1360.5005663304084,22732.145,86,0.6499999999999773,0.849999999999909,353.5491666666667,1707.6133333333335,-0.505464662391887,10.03157927067165
1990,4,0.56,356.38,1712.53,1360.5,22732.145,87,0.6299999999999955,-1.8299999999999272,353.6041666666667,1708.3591666666664,-0.5060309928003335,10.03157927067165
1990,5,0.45,357.38,1710.65,1360.5005663304084,22732.145,88,1.0,-1.8799999999998818,353.72333333333336,1708.966666666667,-0.505464662391887,10.03157927067165
1990,6,0.37,356.39,1708.45,1360.5022640387135,22732.145,89,-0.9900000000000091,-2.2000000000000455,353.8025,1709.6533333333334,-0.5037669540868137,10.03157927067165
1990,7,0.46,354.89,1706.57,1360.5050892790596,22732.145,90,-1.5,-1.8800000000001091,353.8725,1710.3508333333332,-0.5009417137407581,10.03157927067165
1990,8,0.34,353.06,1710.23,1360.5090356513685,22732.145,91,-1.829999999999984,3.660000000000082,353.97416666666663,1711.0391666666667,-0.49699534143178425,10.03157927067165
1990,9,0.23,351.38,1717.58,1360.5140942158382,22732.145,92,-1.6800000000000068,7.349999999999909,354.08166666666665,1711.9066666666665,-0.49193677696212035,10.03157927067165
1990,10,0.44,351.69,1722.02,1360.5202535131928,22732.145,93,0.3100000000000023,4.440000000000055,354.195,1712.8641666666665,-0.48577747960757733,10.03157927067165
1990,11,0.46,353.14,1723.47,1360.5274995906427,22732.145,94,1.4499999999999886,1.4500000000000455,354.32750000000004,1713.7275,-0.47853140215761414,10.03157927067165
1990,12,0.4,354.41,1723.3,1360.535816033492,22732.145,95,1.2700000000000387,-0.17000000000007276,354.45250000000004,1714.5675,-0.47021495930835044,10.03157927067165
1991,1,0.42,354.93,1721.66,1360.5451840023227,23205.592,96,0.5199999999999818,-1.6399999999998727,354.5416666666667,1715.3608333333332,-0.46084699047764843,10.052191655225899
1991,2,0.5,355.82,1721.31,1360.5555822756726,23205.592,97,0.8899999999999864,-0.3500000000001364,354.6016666666667,1716.0108333333335,-0.450448717127756,10.052191655225899
1991,3,0.35,357.33,1722.09,1360.5669872981077,23205.592,98,1.509999999999991,0.7799999999999727,354.73333333333335,1716.655,-0.4390436946926002,10.052191655225899
1991,4,0.51,358.77,1722.44,1360.5793732335844,23205.592,99,1.4399999999999977,0.3500000000001364,354.93249999999995,1717.4808333333333,-0.42665775921591376,10.052191655225899
1991,5,0.34,359.23,1722.12,1360.5927120239749,23205.592,100,0.4600000000000364,-0.3200000000001637,355.08666666666664,1718.4366666666665,-0.4133189688254788,10.052191655225899
1991,6,0.53,358.23,1718.87,1360.6069734526286,23205.592,101,-1.0,-3.25,355.24,1719.305,-0.3990575401717251,10.052191655225899
1991,7,0.47,356.3,1715.96,1360.6221252128228,23205.592,102,-1.9300000000000068,-2.9099999999998545,355.3575,1720.0874999999999,-0.38390577997756736,10.052191655225899
1991,8,0.39,353.97,1719.15,1360.6381329809474,23205.592,103,-2.329999999999984,3.1900000000000546,355.43333333333334,1720.8308333333334,-0.367898011852958,10.052191655225899
1991,9,0.44,352.34,1726.06,1360.654960494259,23205.592,104,-1.6300000000000523,6.9099999999998545,355.5133333333333,1721.5375000000001,-0.3510704985412758,10.052191655225899
1991,10,0.29,352.43,1732.7,1360.6725696330273,23205.592,105,0.09000000000003183,6.6400000000001,355.57500000000005,1722.4275,-0.3334613597730822,10.052191655225899
1991,11,0.29,353.89,1737.45,1360.6909205068896,23205.592,106,1.4599999999999795,4.75,355.6375,1723.5925,-0.3151104859107363,10.052191655225899
1991,12,0.32,355.21,1739.54,1360.7099715452143,23205.592,107,1.3199999999999932,2.089999999999918,355.70416666666665,1724.9458333333332,-0.29605944758600344,10.052191655225899
1992,1,0.47,356.34,1738.92,1360.729679591272,22520.424,108,1.1299999999999955,-0.6199999999998909,355.82166666666666,1726.3841666666667,-0.27635140152824533,10.022222312936584
1992,2,0.4,357.21,1737.32,1360.75,22520.424,109,0.8700000000000045,-1.6000000000001364,355.9375,1727.7183333333332,-0.2560309928003335,10.022222312936584
1992,3,0.48,357.97,1736.79,1360.7708867391364,22520.424,110,0.7600000000000477,-0.5299999999999727,355.99083333333334,1728.9433333333334,-0.23514425366397518,10.022222312936584
1992,4,0.27,359.22,1736.65,1360.792292493499,22520.424,111,1.25,-0.13999999999987267,356.02833333333336,1730.1274999999998,-0.21373849930137112,10.022222312936584
1992,5,0.31,359.71,1735.05,1360.8141687721698,22520.424,112,0.48999999999995225,-1.6000000000001364,356.0683333333333,1731.2050000000002,-0.19186222063058267,10.022222312936584
1992,6,0.25,359.44,1731.58,1360.8364660183413,22520.424,113,-0.2699999999999818,-3.4700000000000273,356.1691666666666,1732.2641666666666,-0.1695649744590355,10.022222312936584
1992,7,0.09,357.15,1728.8,1360.8591337215794,22520.424,114,-2.2900000000000205,-2.7799999999999727,356.24,1733.3341666666665,-0.14689727122095064,10.022222312936584
1992,8,0.08,354.99,1730.33,1360.8821205322454,22520.424,115,-2.159999999999968,1.5299999999999727,356.325,1734.2658333333336,-0.1239104605549528,10.022222312936584
1992,9,-0.01,353.01,1734.59,1360.9053743778197,22520.424,116,-1.9800000000000182,4.259999999999991,356.3808333333333,1734.9766666666667,-0.10065661498060763,10.022222312936584
1992,10,0.06,353.4,1737.68,1360.9288425808634,22520.424,117,0.38999999999998636,3.0900000000001455,356.46166666666664,1735.3916666666667,-0.0771884119369588,10.022222312936584
1992,11,0.02,354.42,1739.23,1360.9524719783478,22520.424,118,1.0200000000000387,1.5499999999999545,356.5058333333333,1735.54,-0.053559014452503106,10.022222312936584
1992,12,0.21,355.68,1738.51,1360.9762090420882,22520.424,119,1.259999999999991,-0.7200000000000273,356.545,1735.4541666666667,-0.02982195071217575,10.022222312936584
1993,1,0.34,357.1,1735.77,1361.0,22749.873,120,1.420000000000016,-2.740000000000009,356.60833333333335,1735.1916666666666,-0.006030992800333479,10.032358797269222
1993,2,0.37,357.42,1734.37,1361.0237909579118,22749.873,121,0.3199999999999932,-1.400000000000091,356.62583333333333,1734.9458333333332,0.01775996511150879,10.032358797269222
1993,3,0.36,358.59,1735.38,1361.0475280216522,22749.873,122,1.169999999999959,1.0100000000002183,356.6775,1734.8283333333331,0.04149702885183615,10.032358797269222
1993,4,0.27,359.39,1736.59,1361.0711574191366,22749.873,123,0.8000000000000114,1.209999999999809,356.69166666666666,1734.8233333333335,0.06512642633629184,10.032358797269222
1993,5,0.28,360.3,1735.0,1361.0946256221803,22749.873,124,0.910000000000025,-1.5899999999999181,356.74083333333334,1734.8191666666664,0.08859462937994067,10.032358797269222
1993,6,0.22,359.64,1730.88,1361.1178794677546,22749.873,125,-0.660000000000025,-4.119999999999891,356.7575,1734.7608333333335,0.11184847495428585,10.032358797269222
1993,7,0.25,357.45,1728.01,1361.1408662784206,22749.873,126,-2.1899999999999977,-2.8700000000001182,356.7825,1734.695,0.13483528562028368,10.032358797269222
1993,8,0.11,355.76,1731.14,1361.1635339816587,22749.873,127,-1.6899999999999977,3.130000000000109,356.84666666666664,1734.7624999999998,0.15750298885836855,10.032358797269222
1993,9,0.11,354.14,1738.44,1361.1858312278302,22749.873,128,-1.6200000000000045,7.2999999999999545,356.94083333333333,1735.0833333333333,0.1798002350299157,10.032358797269222
1993,10,0.23,354.23,1743.38,1361.207707506501,22749.873,129,0.09000000000003183,4.940000000000055,357.01,1735.5583333333334,0.20167651370070416,10.032358797269222
1993,11,0.03,355.53,1745.22,1361.2291132608636,22749.873,130,1.2999999999999545,1.8399999999999181,357.10249999999996,1736.0575,0.22308226806330822,10.032358797269222
1993,12,0.18,357.03,1744.27,1361.25,22749.873,131,1.5,-0.9500000000000455,357.215,1736.5375000000001,0.24396900719966652,10.032358797269222
1994,1,0.26,358.36,1741.38,1361.270320408728,22974.598,132,1.330000000000041,-2.8899999999998727,357.32,1737.005,0.2642894159275784,10.042187975176779
1994,2,0.02,359.04,1740.84,1361.2900284547857,22974.598,133,0.6800000000000068,-0.540000000000191,357.455,1737.5441666666668,0.2839974619853365,10.042187975176779
1994,3,0.29,360.11,1741.95,1361.3090794931104,22974.598,134,1.0699999999999932,1.1100000000001273,357.5816666666667,1738.091666666667,0.30304850031006936,10.042187975176779
1994,4,0.41,361.36,1741.99,1361.3274303669727,22974.598,135,1.25,0.03999999999996362,357.74583333333334,1738.5416666666667,0.32139937417241526,10.042187975176779
1994,5,0.28,361.78,1740.73,1361.345039505741,22974.598,136,0.4199999999999591,-1.259999999999991,357.8691666666667,1739.0191666666667,0.33900851294060885,10.042187975176779
1994,6,0.43,360.94,1736.89,1361.3618670190526,22974.598,137,-0.839999999999975,-3.839999999999918,357.9775,1739.5199999999998,0.35583602625229105,10.042187975176779
1994,7,0.3,359.51,1732.29,1361.3778747871772,22974.598,138,-1.4300000000000068,-4.600000000000136,358.14916666666664,1739.8766666666668,0.3718437943769004,10.042187975176779
1994,8,0.21,357.59,1734.04,1361.3930265473714,22974.598,139,-1.920000000000016,1.75,358.3016666666667,1740.1183333333336,0.38699555457105816,10.042187975176779
1994,9,0.31,355.86,1742.94,1361.4072879760251,22974.598,140,-1.7299999999999613,8.900000000000091,358.445,1740.493333333333,0.40125698322481185,10.042187975176779
1994,10,0.42,356.21,1749.79,1361.4206267664156,22974.598,141,0.3499999999999659,6.849999999999909,358.60999999999996,1741.0275,0.4145957736152468,10.042187975176779
1994,11,0.44,357.65,1751.28,1361.4330127018923,22974.598,142,1.4399999999999977,1.490000000000009,358.78666666666663,1741.5325,0.4269817090919332,10.042187975176779
1994,12,0.38,359.1,1751.65,1361.4444177243274,22974.598,143,1.4500000000000455,0.37000000000011823,358.9591666666667,1742.1475,0.43838673152708907,10.042187975176779
1995,1,0.52,360.04,1751.14,1361.4548159976773,23516.639,144,0.9399999999999977,-0.5099999999999909,359.0991666666667,1742.9608333333333,0.4487850048769815,10.065506014320826
1995,2,0.79,361.0,1749.5,1361.464183966508,23516.639,145,0.9599999999999795,-1.6400000000001,359.26250000000005,1743.6825,0.4581529737076835,10.065506014320826
1995,3,0.46,361.98,1748.99,1361.4725004093573,23516.639,146,0.9800000000000182,-0.5099999999999909,359.41833333333335,1744.2691666666667,0.4664694165569472,10.065506014320826
1995,4,0.46,363.44,1749.42,1361.4797464868072,23516.639,147,1.4599999999999795,0.43000000000006366,359.5916666666667,1744.8883333333333,0.4737154940069104,10.065506014320826
1995,5,0.27,363.83,1747.65,1361.4859057841618,23516.639,148,0.38999999999998636,-1.7699999999999818,359.76250000000005,1745.4650000000001,0.4798747913614534,10.065506014320826
1995,6,0.43,363.33,1742.83,1361.4909643486315,23516.639,149,-0.5,-4.820000000000164,359.96166666666664,1745.96,0.4849333558311173,10.065506014320826
1995,7,0.45,361.78,1740.17,1361.4949107209404,23516.639,150,-1.5500000000000114,-2.6599999999998545,360.1508333333333,1746.6166666666668,0.4888797281400912,10.065506014320826
1995,8,0.45,359.33,1743.59,1361.4977359612865,23516.639,151,-2.4499999999999886,3.4199999999998454,360.29583333333335,1747.4125000000001,0.49170496848614675,10.065506014320826
1995,9,0.33,358.32,1749.77,1361.4994336695916,23516.639,152,-1.009999999999991,6.180000000000064,360.50083333333333,1747.9816666666668,0.4934026767912201,10.065506014320826
1995,10,0.46,358.14,1754.35,1361.5,23516.639,153,-0.18000000000000682,4.579999999999927,360.66166666666663,1748.3616666666667,0.4939690071996665,10.065506014320826
1995,11,0.44,359.61,1755.51,1361.4994336695916,23516.639,154,1.4700000000000273,1.1600000000000819,360.825,1748.7141666666669,0.4934026767912201,10.065506014320826
1995,12,0.26,360.82,1753.85,1361.4977359612865,23516.639,155,1.2099999999999795,-1.6600000000000819,360.9683333333333,1748.8975,0.49170496848614675,10.065506014320826
1996,1,0.24,362.2,1752.24,1361.4949107209404,24233.477,156,1.3799999999999955,-1.6099999999999,361.1483333333333,1748.989166666667,0.4888797281400912,10.095531567687631
1996,2,0.46,363.36,1752.74,1361.4909643486315,24233.477,157,1.160000000000025,0.5,361.345,1749.2591666666667,0.4849333558311173,10.095531567687631
1996,3,0.32,364.28,1752.23,1361.4859057841618,24233.477,158,0.9199999999999591,-0.5099999999999909,361.53666666666663,1749.5291666666665,0.4798747913614534,10.095531567687631
1996,4,0.33,364.69,1749.62,1361.4797464868072,24233.477,159,0.410000000000025,-2.6100000000001273,361.6408333333333,1749.5458333333333,0.4737154940069104,10.095531567687631
1996,5,0.27,365.25,1748.3,1361.4725004093573,24233.477,160,0.5600000000000023,-1.3199999999999363,361.75916666666666,1749.6000000000001,0.4664694165569472,10.095531567687631
1996,6,0.25,365.06,1746.04,1361.464183966508,24233.477,161,-0.18999999999999773,-2.259999999999991,361.90333333333336,1749.8675,0.4581529737076835,10.095531567687631
1996,7,0.36,363.69,1742.07,1361.4548159976773,24233.477,162,-1.3700000000000045,-3.9700000000000273,362.0625,1750.0258333333331,0.4487850048769815,10.095531567687631
1996,8,0.48,361.55,1744.29,1361.4444177243274,24233.477,163,-2.1399999999999864,2.2200000000000273,362.2475,1750.0841666666665,0.43838673152708907,10.095531567687631
1996,9,0.25,359.69,1752.62,1361.4330127018923,24233.477,164,-1.8600000000000136,8.329999999999927,362.3616666666667,1750.3216666666665,0.4269817090919332,10.095531567687631
1996,10,0.22,359.72,1758.91,1361.4206267664156,24233.477,165,0.03000000000002956,6.290000000000191,362.49333333333334,1750.7016666666666,0.4145957736152468,10.095531567687631
1996,11,0.41,361.04,1760.1,1361.4072879760251,24233.477,166,1.3199999999999932,1.1899999999998272,362.6125,1751.0841666666665,0.40125698322481185,10.095531567687631
1996,12,0.37,362.39,1756.96,1361.3930265473714,24233.477,167,1.349999999999966,-3.1399999999998727,362.74333333333334,1751.3433333333332,0.38699555457105816,10.095531567687631
1997,1,0.32,363.24,1753.4,1361.3778747871772,24380.322,168,0.8500000000000227,-3.5599999999999454,362.83,1751.4399999999998,0.3718437943769004,10.101572626339557
1997,2,0.4,364.21,1753.86,1361.3618670190526,24380.322,169,0.9699999999999704,0.459999999999809,362.90083333333337,1751.5333333333335,0.35583602625229105,10.101572626339557
1997,3,0.52,364.65,1755.67,1361.3450395057412,24380.322,170,0.4399999999999977,1.8100000000001728,362.9316666666667,1751.82,0.3390085129408362,10.101572626339557
1997,4,0.33,366.49,1755.53,1361.3274303669727,24380.322,171,1.8400000000000318,-0.14000000000010004,363.08166666666665,1752.3125,0.32139937417241526,10.101572626339557
1997,5,0.34,366.77,1753.81,1361.3090794931104,24380.322,172,0.2799999999999727,-1.7200000000000273,363.2083333333333,1752.7716666666665,0.30304850031006936,10.101572626339557
1997,6,0.54,365.73,1750.08,1361.2900284547857,24380.322,173,-1.0399999999999636,-3.730000000000018,363.26416666666665,1753.1083333333336,0.2839974619853365,10.101572626339557
1997,7,0.33,364.46,1746.05,1361.270320408728,24380.322,174,-1.2700000000000387,-4.029999999999973,363.3283333333333,1753.4400000000003,0.2642894159275784,10.101572626339557
1997,8,0.41,362.4,1747.75,1361.25,24380.322,175,-2.0600000000000023,1.7000000000000455,363.39916666666664,1753.7283333333335,0.24396900719966652,10.101572626339557
1997,9,0.52,360.44,1754.97,1361.2291132608636,24380.322,176,-1.9599999999999795,7.220000000000027,363.46166666666664,1753.9241666666667,0.22308226806330822,10.101572626339557
1997,10,0.61,360.97,1760.29,1361.207707506501,24380.322,177,0.5300000000000296,5.319999999999936,363.56583333333333,1754.0391666666667,0.20167651370070416,10.101572626339557
1997,11,0.64,362.65,1761.71,1361.1858312278302,24380.322,178,1.67999999999995,1.4200000000000728,363.7,1754.1733333333332,0.1798002350299157,10.101572626339557
1997,12,0.59,364.51,1761.89,1361.1635339816587,24380.322,179,1.8600000000000136,0.18000000000006366,363.8766666666666,1754.5841666666668,0.15750298885836855,10.101572626339557
1998,1,0.58,365.39,1761.47,1361.1408662784206,24295.713,180,0.8799999999999955,-0.42000000000007276,364.05583333333334,1755.2566666666664,0.13483528562028368,10.098096352689456
1998,2,0.88,366.1,1761.48,1361.1178794677546,24295.713,181,0.7100000000000364,0.009999999999990905,364.21333333333337,1755.8916666666664,0.11184847495428585,10.098096352689456
1998,3,0.63,367.36,1762.96,1361.0946256221803,24295.713,182,1.259999999999991,1.4800000000000182,364.4391666666667,1756.4991666666667,0.08859462937994067,10.098096352689456
1998,4,0.63,368.79,1764.71,1361.0711574191366,24295.713,183,1.4300000000000068,1.75,364.6308333333333,1757.2641666666668,0.06512642633629184,10.098096352689456
1998,5,0.68,369.56,1764.25,1361.0475280216522,24295.713,184,0.7699999999999818,-0.4600000000000364,364.8633333333333,1758.1341666666667,0.04149702885183615,10.098096352689456
1998,6,0.77,369.13,1760.33,1361.0237909579118,24295.713,185,-0.4300000000000068,-3.9200000000000728,365.1466666666667,1758.988333333333,0.01775996511150879,10.098096352689456
1998,7,0.66,367.98,1756.16,1361.0,24295.713,186,-1.1499999999999773,-4.169999999999845,365.44,1759.8308333333332,-0.006030992800333479,10.098096352689456
1998,8,0.65,366.1,1760.19,1360.9762090420882,24295.713,187,-1.8799999999999955,4.029999999999973,365.7483333333334,1760.8675,-0.02982195071217575,10.098096352689456
1998,9,0.42,364.16,1770.66,1360.9524719783478,24295.713,188,-1.9399999999999977,10.470000000000027,366.05833333333334,1762.1750000000002,-0.053559014452503106,10.098096352689456
1998,10,0.42,364.54,1776.24,1360.9288425808634,24295.713,189,0.37999999999999545,5.579999999999927,366.3558333333333,1763.5041666666666,-0.0771884119369588,10.098096352689456
1998,11,0.43,365.67,1775.51,1360.9053743778197,24295.713,190,1.1299999999999955,-0.7300000000000182,366.6075,1764.654166666667,-0.10065661498060763,10.098096352689456
1998,12,0.54,367.3,1774.06,1360.8821205322454,24295.713,191,1.6299999999999955,-1.4500000000000455,366.84,1765.668333333333,-0.1239104605549528,10.098096352689456
1999,1,0.48,368.35,1773.79,1360.8591337215794,24837.771,192,1.0500000000000114,-0.2699999999999818,367.08666666666664,1766.695,-0.14689727122095064,10.120161058172842
1999,2,0.64,369.28,1773.89,1360.8364660183413,24837.771,193,0.92999999999995,0.10000000000013642,367.3516666666667,1767.7291666666667,-0.1695649744590355,10.120161058172842
1999,3,0.32,369.84,1774.57,1360.8141687721698,24837.771,194,0.5600000000000023,0.6799999999998363,367.55833333333334,1768.6966666666667,-0.19186222063058267,10.120161058172842
1999,4,0.31,371.15,1774.95,1360.792292493499,24837.771,195,1.3100000000000023,0.38000000000010914,367.75500000000005,1769.55,-0.21373849930137112,10.120161058172842
1999,5,0.26,371.12,1772.65,1360.7708867391364,24837.771,196,-0.029999999999972715,-2.2999999999999545,367.885,1770.25,-0.23514425366397518,10.120161058172842
1999,6,0.36,370.46,1767.33,1360.75,24837.771,197,-0.660000000000025,-5.320000000000164,367.99583333333334,1770.8333333333333,-0.2560309928003335,10.120161058172842
1999,7,0.38,369.61,1762.94,1360.729679591272,24837.771,198,-0.8499999999999659,-4.389999999999873,368.13166666666666,1771.3983333333335,-0.27635140152824533,10.120161058172842
1999,8,0.31,367.06,1764.63,1360.7099715452143,24837.771,199,-2.5500000000000114,1.6900000000000546,368.21166666666664,1771.7683333333334,-0.29605944758600344,10.120161058172842
1999,9,0.38,364.95,1771.02,1360.6909205068896,24837.771,200,-2.1100000000000136,6.389999999999873,368.2775,1771.7983333333332,-0.3151104859107363,10.120161058172842
1999,10,0.34,365.52,1776.61,1360.6725696330273,24837.771,201,0.5699999999999932,5.589999999999918,368.3591666666666,1771.8291666666667,-0.3334613597730822,10.120161058172842
1999,11,0.37,366.88,1778.53,1360.654960494259,24837.771,202,1.3600000000000136,1.9200000000000728,368.46,1772.0808333333334,-0.3510704985412758,10.120161058172842
1999,12,0.4,368.26,1777.23,1360.6381329809474,24837.771,203,1.3799999999999955,-1.2999999999999545,368.54,1772.3450000000003,-0.367898011852958,10.120161058172842
2000,1,0.25,369.45,1775.54,1360.6221252128228,25511.482,204,1.1899999999999977,-1.6900000000000546,368.63166666666666,1772.4908333333333,-0.38390577997756736,10.146923101581349
2000,2,0.55,369.71,1775.45,1360.6069734526286,25511.482,205,0.2599999999999909,-0.08999999999991815,368.6675,1772.6208333333334,-0.3990575401717251,10.146923101581349
2000,3,0.55,370.75,1776.49,1360.5927120239749,25511.482,206,1.0400000000000205,1.0399999999999636,368.74333333333334,1772.7808333333332,-0.4133189688254788,10.146923101581349
2000,4,0.56,371.98,1777.21,1360.5793732335844,25511.482,207,1.2300000000000182,0.7200000000000273,368.8125,1772.9691666666668,-0.42665775921591376,10.146923101581349
2000,5,0.35,371.75,1774.57,1360.5669872981077,25511.482,208,-0.2300000000000182,-2.6400000000001,368.865,1773.1291666666666,-0.4390436946926002,10.146923101581349
2000,6,0.4,371.87,1768.13,1360.5555822756726,25511.482,209,0.12000000000000455,-6.439999999999827,368.9825,1773.1958333333334,-0.450448717127756,10.146923101581349
2000,7,0.39,370.02,1763.46,1360.5451840023227,25511.482,210,-1.8500000000000227,-4.670000000000073,369.01666666666665,1773.2391666666665,-0.46084699047764843,10.146923101581349
2000,8,0.42,368.27,1765.44,1360.535816033492,25511.482,211,-1.75,1.9800000000000182,369.1175,1773.3066666666666,-0.47021495930835044,10.146923101581349
2000,9,0.38,367.15,1772.03,1360.5274995906427,25511.482,212,-1.1200000000000045,6.589999999999918,369.3008333333333,1773.3908333333336,-0.47853140215761414,10.146923101581349
2000,10,0.26,367.18,1777.1,1360.5202535131928,25511.482,213,0.03000000000002956,5.069999999999936,369.4391666666666,1773.4316666666666,-0.48577747960757733,10.146923101581349
2000,11,0.3,368.53,1777.72,1360.5140942158382,25511.482,214,1.349999999999966,0.6200000000001182,369.57666666666665,1773.3641666666665,-0.49193677696212035,10.146923101581349
2000,12,0.27,369.83,1775.3,1360.5090356513685,25511.482,215,1.3000000000000114,-2.4200000000000728,369.7075,1773.2033333333331,-0.49699534143178425,10.146923101581349
2001,1,0.45,370.76,1772.87,1360.5050892790596,25692.994,216,0.9300000000000068,-2.4300000000000637,369.81666666666666,1772.9808333333333,-0.5009417137407581,10.154012547073975
2001,2,0.43,371.69,1772.52,1360.5022640387135,25692.994,217,0.9300000000000068,-0.34999999999990905,369.9816666666666,1772.7366666666667,-0.5037669540868137,10.154012547073975
2001,3,0.55,372.63,1773.65,1360.5005663304084,25692.994,218,0.9399999999999977,1.1300000000001091,370.1383333333333,1772.5,-0.505464662391887,10.154012547073975
2001,4,0.5,373.55,1773.87,1360.5,25692.994,219,0.9200000000000159,0.2199999999997999,370.2691666666667,1772.2216666666666,-0.5060309928003335,10.154012547073975
2001,5,0.57,374.03,1770.88,1360.5005663304084,25692.994,220,0.47999999999996135,-2.9899999999997817,370.4591666666667,1771.9141666666667,-0.505464662391887,10.154012547073975
2001,6,0.52,373.4,1766.1,1360.5022640387135,25692.994,221,-0.6299999999999955,-4.7800000000002,370.58666666666664,1771.745,-0.5037669540868137,10.154012547073975
2001,7,0.59,371.68,1763.02,1360.5050892790596,25692.994,222,-1.7199999999999704,-3.0799999999999272,370.72499999999997,1771.7083333333333,-0.5009417137407581,10.154012547073975
2001,8,0.48,369.78,1764.51,1360.5090356513685,25692.994,223,-1.900000000000034,1.490000000000009,370.85083333333336,1771.6308333333334,-0.49699534143178425,10.154012547073975
2001,9,0.51,368.34,1770.44,1360.5140942158382,25692.994,224,-1.4399999999999977,5.930000000000064,370.95,1771.4983333333332,-0.49193677696212035,10.154012547073975
2001,10,0.49,368.61,1775.49,1360.5202535131928,25692.994,225,0.27000000000003865,5.0499999999999545,371.06916666666666,1771.3641666666665,-0.48577747960757733,10.154012547073975
2001,11,0.72,369.94,1776.58,1360.5274995906427,25692.994,226,1.329999999999984,1.0899999999999181,371.18666666666667,1771.2691666666667,-0.47853140215761414,10.154012547073975
2001,12,0.55,371.42,1775.92,1360.535816033492,25692.994,227,1.4800000000000182,-0.6599999999998545,371.31916666666666,1771.3208333333332,-0.47021495930835044,10.154012547073975
2002,1,0.76,372.7,1774.12,1360.5451840023227,26265.332,228,1.2799999999999727,-1.800000000000182,371.4808333333333,1771.4250000000002,-0.46084699047764843,10.17604324597994
2002,2,0.78,373.37,1772.86,1360.5555822756726,26265.332,229,0.6700000000000159,-1.259999999999991,371.62083333333334,1771.4533333333336,-0.450448717127756,10.17604324597994
2002,3,0.88,374.3,1773.41,1360.5669872981077,26265.332,230,0.9300000000000068,0.5500000000001819,371.76,1771.4333333333334,-0.4390436946926002,10.17604324597994
2002,4,0.57,375.19,1772.74,1360.5793732335844,26265.332,231,0.8899999999999864,-0.6700000000000728,371.8966666666667,1771.3391666666666,-0.42665775921591376,10.17604324597994
2002,5,0.64,375.93,1770.28,1360.5927120239749,26265.332,232,0.7400000000000091,-2.4600000000000364,372.055,1771.2891666666665,-0.4133189688254788,10.17604324597994
2002,6,0.53,375.69,1766.89,1360.6069734526286,26265.332,233,-0.2400000000000091,-3.3899999999998727,372.24583333333334,1771.3550000000002,-0.3990575401717251,10.17604324597994
2002,7,0.61,374.16,1764.26,1360.6221252128228,26265.332,234,-1.5299999999999727,-2.630000000000109,372.45250000000004,1771.4583333333333,-0.38390577997756736,10.17604324597994
2002,8,0.53,372.03,1766.98,1360.6381329809474,26265.332,235,-2.1300000000000523,2.7200000000000273,372.64000000000004,1771.6641666666665,-0.367898011852958,10.17604324597994
2002,9,0.63,370.92,1773.76,1360.6549604942588,26265.332,236,-1.1099999999999568,6.779999999999973,372.855,1771.9408333333333,-0.3510704985415032,10.17604324597994
2002,10,0.54,370.73,1778.26,1360.6725696330273,26265.332,237,-0.18999999999999773,4.5,373.0316666666667,1772.1716666666669,-0.3334613597730822,10.17604324597994
2002,11,0.59,372.43,1779.49,1360.6909205068896,26265.332,238,1.6999999999999886,1.2300000000000182,373.2391666666667,1772.4141666666667,-0.3151104859107363,10.17604324597994
2002,12,0.44,373.98,1779.64,1360.7099715452143,26265.332,239,1.5500000000000114,0.15000000000009095,373.45249999999993,1772.7241666666669,-0.29605944758600344,10.17604324597994
2003,1,0.74,375.07,1777.54,1360.729679591272,27652.691,240,1.089999999999975,-2.1000000000001364,373.65000000000003,1773.0091666666667,-0.27635140152824533,10.227514488095727
2003,2,0.58,375.82,1774.83,1360.75,27652.691,241,0.75,-2.7100000000000364,373.8541666666667,1773.1733333333332,-0.2560309928003335,10.227514488095727
2003,3,0.6,376.64,1774.84,1360.7708867391364,27652.691,242,0.8199999999999932,0.009999999999990905,374.0491666666667,1773.2924999999998,-0.23514425366397518,10.227514488095727
2003,4,0.55,377.92,1775.8,1360.792292493499,27652.691,243,1.2800000000000296,0.9600000000000364,374.2766666666667,1773.5475,-0.21373849930137112,10.227514488095727
2003,5,0.6,378.78,1774.45,1360.8141687721698,27652.691,244,0.8599999999999568,-1.349999999999909,374.51416666666665,1773.8950000000002,-0.19186222063058267,10.227514488095727
2003,6,0.47,378.46,1771.68,1360.8364660183413,27652.691,245,-0.3199999999999932,-2.769999999999982,374.74500000000006,1774.2941666666666,-0.1695649744590355,10.227514488095727
2003,7,0.58,376.88,1770.71,1360.8591337215794,27652.691,246,-1.579999999999984,-0.9700000000000273,374.97166666666664,1774.8316666666667,-0.14689727122095064,10.227514488095727
2003,8,0.64,374.57,1774.3,1360.8821205322454,27652.691,247,-2.3100000000000023,3.589999999999918,375.18333333333334,1775.4416666666666,-0.1239104605549528,10.227514488095727
2003,9,0.62,373.34,1780.55,1360.9053743778197,27652.691,248,-1.2300000000000182,6.25,375.385,1776.0075,-0.10065661498060763,10.227514488095727
2003,10,0.72,373.31,1784.69,1360.9288425808634,27652.691,249,-0.029999999999972715,4.1400000000001,375.59999999999997,1776.5433333333333,-0.0771884119369588,10.227514488095727
2003,11,0.52,374.84,1785.28,1360.9524719783478,27652.691,250,1.5299999999999727,0.5899999999999181,375.8008333333333,1777.0258333333331,-0.053559014452503106,10.227514488095727
2003,12,0.74,376.17,1783.56,1360.9762090420882,27652.691,251,1.330000000000041,-1.7200000000000273,375.98333333333335,1777.3525,-0.02982195071217575,10.227514488095727
2004,1,0.57,377.17,1780.74,1361.0,28610.023,252,1.0,-2.8199999999999363,376.1583333333333,1777.6191666666664,-0.006030992800333479,10.261547342133316
2004,2,0.72,378.05,1779.68,1361.0237909579118,28610.023,253,0.8799999999999955,-1.0599999999999454,376.3441666666667,1778.0233333333333,0.01775996511150879,10.261547342133316
2004,3,0.63,379.06,1780.93,1361.0475280216522,28610.023,254,1.009999999999991,1.25,376.5458333333333,1778.5308333333332,0.04149702885183615,10.261547342133316
2004,4,0.6,380.54,1780.88,1361.0711574191366,28610.023,255,1.4800000000000182,-0.049999999999954525,376.76416666666665,1778.9541666666667,0.06512642633629184,10.261547342133316
2004,5,0.36,380.8,1777.74,1361.0946256221803,28610.023,256,0.2599999999999909,-3.1400000000001,376.93249999999995,1779.2283333333335,0.08859462937994067,10.261547342133316
2004,6,0.43,379.87,1772.43,1361.1178794677546,28610.023,257,-0.9300000000000068,-5.309999999999945,377.04999999999995,1779.2908333333335,0.11184847495428585,10.261547342133316
2004,7,0.25,377.65,1768.17,1361.1408662784206,28610.023,258,-2.2200000000000273,-4.259999999999991,377.1141666666667,1779.0791666666667,0.13483528562028368,10.261547342133316
2004,8,0.44,376.17,1769.97,1361.1635339816587,28610.023,259,-1.4799999999999613,1.7999999999999545,377.2475,1778.7183333333335,0.15750298885836855,10.261547342133316
2004,9,0.5,374.43,1775.87,1361.1858312278302,28610.023,260,-1.740000000000009,5.899999999999864,377.3383333333333,1778.3283333333331,0.1798002350299157,10.261547342133316
2004,10,0.6,374.63,1780.08,1361.207707506501,28610.023,261,0.19999999999998863,4.210000000000036,377.4483333333333,1777.944166666667,0.20167651370070416,10.261547342133316
2004,11,0.72,376.33,1780.53,1361.2291132608636,28610.023,262,1.6999999999999886,0.4500000000000455,377.5725,1777.5483333333334,0.22308226806330822,10.261547342133316
2004,12,0.5,377.68,1778.17,1361.25,28610.023,263,1.3500000000000227,-2.3599999999999,377.6983333333333,1777.0991666666666,0.24396900719966652,10.261547342133316
2005,1,0.75,378.63,1776.13,1361.270320408728,29598.951,264,0.9499999999999886,-2.0399999999999636,377.82,1776.7150000000001,0.2642894159275784,10.295527984905377
2005,2,0.59,379.91,1775.76,1361.2900284547857,29598.951,265,1.2800000000000296,-0.37000000000011823,377.97499999999997,1776.3883333333335,0.2839974619853365,10.295527984905377
2005,3,0.74,380.95,1775.58,1361.3090794931104,29598.951,266,1.0399999999999636,-0.18000000000006366,378.1325,1775.9425,0.30304850031006936,10.295527984905377
2005,4,0.66,382.48,1774.79,1361.3274303669727,29598.951,267,1.5300000000000296,-0.7899999999999636,378.2941666666666,1775.4350000000002,0.32139937417241526,10.295527984905377
2005,5,0.62,382.64,1772.51,1361.345039505741,29598.951,268,0.15999999999996817,-2.2799999999999727,378.4475,1774.9991666666665,0.33900851294060885,10.295527984905377
2005,6,0.64,382.4,1768.81,1361.3618670190526,29598.951,269,-0.2400000000000091,-3.7000000000000455,378.65833333333336,1774.6975,0.35583602625229105,10.295527984905377
2005,7,0.61,380.93,1766.41,1361.3778747871772,29598.951,270,-1.4699999999999704,-2.3999999999998636,378.9316666666667,1774.5508333333335,0.3718437943769004,10.295527984905377
2005,8,0.6,378.93,1768.16,1361.3930265473714,29598.951,271,-2.0,1.75,379.16166666666663,1774.3999999999999,0.38699555457105816,10.295527984905377
2005,9,0.71,376.89,1773.24,1361.4072879760251,29598.951,272,-2.0400000000000205,5.079999999999927,379.36666666666673,1774.180833333333,0.40125698322481185,10.295527984905377
2005,10,0.76,377.19,1778.59,1361.4206267664156,29598.951,273,0.30000000000001137,5.349999999999909,379.58,1774.0566666666664,0.4145957736152468,10.295527984905377
2005,11,0.74,378.54,1781.25,1361.4330127018923,29598.951,274,1.3500000000000227,2.660000000000082,379.76416666666665,1774.1166666666666,0.4269817090919332,10.295527984905377
2005,12,0.67,380.31,1780.26,1361.4444177243274,29598.951,275,1.7699999999999818,-0.9900000000000091,379.98333333333335,1774.2908333333335,0.43838673152708907,10.295527984905377
2006,1,0.56,381.58,1779.53,1361.4548159976773,30594.152,276,1.2699999999999818,-0.7300000000000182,380.2291666666667,1774.5741666666665,0.4487850048769815,10.328596844016348
2006,2,0.73,382.4,1779.48,1361.464183966508,30594.152,277,0.8199999999999932,-0.049999999999954525,380.43666666666667,1774.8841666666665,0.4581529737076835,10.328596844016348
2006,3,0.63,382.86,1777.39,1361.4725004093573,30594.152,278,0.4600000000000364,-2.089999999999918,380.59583333333336,1775.0349999999999,0.4664694165569472,10.328596844016348
2006,4,0.46,384.8,1776.12,1361.4797464868072,30594.152,279,1.9399999999999977,-1.2700000000002092,380.78916666666663,1775.1458333333333,0.4737154940069104,10.328596844016348
2006,5,0.48,385.22,1774.91,1361.4859057841618,30594.152,280,0.4200000000000159,-1.209999999999809,381.00416666666666,1775.3458333333335,0.4798747913614534,10.328596844016348
2006,6,0.66,384.24,1769.23,1361.4909643486315,30594.152,281,-0.9800000000000182,-5.680000000000064,381.15749999999997,1775.3808333333334,0.4849333558311173,10.328596844016348
2006,7,0.54,382.65,1764.17,1361.4949107209404,30594.152,282,-1.5900000000000318,-5.059999999999945,381.3008333333333,1775.1941666666664,0.4888797281400912,10.328596844016348
2006,8,0.71,380.6,1767.24,1361.4977359612865,30594.152,283,-2.0499999999999545,3.0699999999999363,381.44000000000005,1775.1175,0.49170496848614675,10.328596844016348
2006,9,0.66,379.04,1774.58,1361.4994336695916,30594.152,284,-1.5600000000000023,7.339999999999918,381.6191666666667,1775.2291666666667,0.4934026767912201,10.328596844016348
2006,10,0.7,379.33,1778.25,1361.5,30594.152,285,0.2899999999999636,3.6700000000000728,381.79750000000007,1775.2008333333335,0.4939690071996665,10.328596844016348
2006,11,0.73,380.35,1779.04,1361.4994336695916,30594.152,286,1.0200000000000387,0.7899999999999636,381.9483333333333,1775.0166666666667,0.4934026767912201,10.328596844016348
2006,12,0.79,382.02,1779.91,1361.4977359612865,30594.152,287,1.669999999999959,0.8700000000001182,382.09083333333336,1774.9875,0.49170496848614675,10.328596844016348
2007,1,1.01,383.1,1779.25,1361.4949107209404,31499.256,288,1.080000000000041,-0.6600000000000819,382.2175,1774.9641666666666,0.4888797281400912,10.357750951764828
2007,2,0.7,384.12,1778.67,1361.4909643486315,31499.256,289,1.0199999999999818,-0.5799999999999272,382.36083333333335,1774.8966666666668,0.4849333558311173,10.357750951764828
2007,3,0.71,384.81,1780.26,1361.4859057841618,31499.256,290,0.6899999999999977,1.5899999999999181,382.5233333333333,1775.1358333333335,0.4798747913614534,10.357750951764828
2007,4,0.77,386.73,1781.02,1361.4797464868072,31499.256,291,1.920000000000016,0.7599999999999909,382.68416666666667,1775.5441666666666,0.4737154940069104,10.357750951764828
2007,5,0.69,386.78,1779.28,1361.4725004093573,31499.256,292,0.049999999999954525,-1.740000000000009,382.8141666666667,1775.908333333333,0.4664694165569472,10.357750951764828
2007,6,0.61,386.33,1775.48,1361.464183966508,31499.256,293,-0.44999999999998863,-3.7999999999999545,382.9883333333334,1776.4291666666668,0.4581529737076835,10.357750951764828
2007,7,0.59,384.73,1772.66,1361.4548159976773,31499.256,294,-1.599999999999966,-2.8199999999999363,383.16166666666663,1777.136666666667,0.4487850048769815,10.357750951764828
2007,8,0.6,382.24,1777.33,1361.4444177243274,31499.256,295,-2.490000000000009,4.669999999999845,383.2983333333334,1777.9775,0.43838673152708907,10.357750951764828
2007,9,0.6,381.2,1785.87,1361.4330127018923,31499.256,296,-1.0400000000000205,8.539999999999964,383.4783333333333,1778.9183333333333,0.4269817090919332,10.357750951764828
2007,10,0.59,381.37,1789.69,1361.4206267664156,31499.256,297,0.17000000000001592,3.8200000000001637,383.6483333333333,1779.8716666666667,0.4145957736152468,10.357750951764828
2007,11,0.59,382.7,1789.32,1361.4072879760251,31499.256,298,1.329999999999984,-0.37000000000011823,383.8441666666667,1780.7283333333335,0.40125698322481185,10.357750951764828
2007,12,0.49,384.19,1788.08,1361.3930265473714,31499.256,299,1.490000000000009,-1.240000000000009,384.02500000000003,1781.4091666666666,0.38699555457105816,10.357750951764828
2008,1,0.3,385.78,1786.7,1361.3778747871772,32049.66,300,1.589999999999975,-1.3799999999998818,384.2483333333334,1782.03,0.3718437943769004,10.3750730549605
2008,2,0.38,386.06,1785.82,1361.3618670190526,32049.66,301,0.28000000000002956,-0.8800000000001091,384.41,1782.6258333333333,0.35583602625229105,10.3750730549605
2008,3,0.74,386.28,1786.16,1361.3450395057412,32049.66,302,0.21999999999997044,0.3400000000001455,384.5325,1783.1175,0.3390085129408362,10.3750730549605
2008,4,0.53,387.33,1786.89,1361.3274303669727,32049.66,303,1.0500000000000114,0.7300000000000182,384.5825,1783.6066666666666,0.32139937417241526,10.3750730549605
2008,5,0.49,388.78,1785.21,1361.3090794931104,32049.66,304,1.4499999999999886,-1.6800000000000637,384.74916666666667,1784.1008333333336,0.30304850031006936,10.3750730549605
2008,6,0.49,387.99,1780.46,1361.2900284547857,32049.66,305,-0.7899999999999636,-4.75,384.8875,1784.5158333333331,0.2839974619853365,10.3750730549605
2008,7,0.6,386.61,1777.64,1361.270320408728,32049.66,306,-1.3799999999999955,-2.8199999999999363,385.04416666666674,1784.930833333333,0.2642894159275784,10.3750730549605
2008,8,0.45,384.32,1781.05,1361.25,32049.66,307,-2.2900000000000205,3.4099999999998545,385.2175,1785.2408333333333,0.24396900719966652,10.3750730549605
2008,9,0.6,383.41,1787.65,1361.2291132608636,32049.66,308,-0.9099999999999682,6.600000000000136,385.40166666666664,1785.3891666666668,0.22308226806330822,10.3750730549605
2008,10,0.66,383.22,1793.68,1361.207707506501,32049.66,309,-0.18999999999999773,6.029999999999973,385.55583333333334,1785.7216666666666,0.20167651370070416,10.3750730549605
2008,11,0.69,384.41,1797.31,1361.1858312278302,32049.66,310,1.1899999999999977,3.6299999999998818,385.6983333333333,1786.3875,0.1798002350299157,10.3750730549605
2008,12,0.53,385.79,1796.57,1361.1635339816587,32049.66,311,1.3799999999999955,-0.7400000000000091,385.83166666666665,1787.0950000000003,0.15750298885836855,10.3750730549605
2009,1,0.64,387.17,1795.06,1361.1408662784206,31513.014,312,1.3799999999999955,-1.509999999999991,385.9475,1787.7916666666667,0.13483528562028368,10.358187614768893
2009,2,0.53,387.7,1795.59,1361.1178794677546,31513.014,313,0.5299999999999727,0.5299999999999727,386.0841666666667,1788.6058333333333,0.11184847495428585,10.358187614768893
2009,3,0.53,389.04,1795.93,1361.0946256221803,31513.014,314,1.3400000000000318,0.3400000000001455,386.3141666666666,1789.42,0.08859462937994067,10.358187614768893
2009,4,0.61,389.76,1795.55,1361.0711574191366,31513.014,315,0.7199999999999704,-0.38000000000010914,386.51666666666665,1790.1416666666667,0.06512642633629184,10.358187614768893
2009,5,0.65,390.36,1792.4,1361.0475280216522,31513.014,316,0.6000000000000227,-3.1499999999998636,386.6483333333333,1790.7408333333333,0.04149702885183615,10.358187614768893
2009,6,0.63,389.7,1786.95,1361.0237909579118,31513.014,317,-0.660000000000025,-5.4500000000000455,386.7908333333334,1791.2816666666668,0.01775996511150879,10.358187614768893
2009,7,0.73,388.24,1785.06,1361.0,31513.014,318,-1.4599999999999795,-1.8900000000001,386.9266666666667,1791.8999999999999,-0.006030992800333479,10.358187614768893
2009,8,0.68,386.29,1788.92,1360.9762090420882,31513.014,319,-1.9499999999999886,3.8600000000001273,387.09083333333336,1792.5558333333336,-0.02982195071217575,10.358187614768893
2009,9,0.71,384.95,1794.81,1360.9524719783478,31513.014,320,-1.3400000000000318,5.889999999999873,387.2191666666667,1793.1525,-0.053559014452503106,10.358187614768893
2009,10,0.65,384.64,1798.01,1360.9288425808634,31513.014,321,-0.3100000000000023,3.2000000000000455,387.33750000000003,1793.5133333333333,-0.0771884119369588,10.358187614768893
2009,11,0.79,386.23,1797.86,1360.9053743778197,31513.014,322,1.5900000000000318,-0.15000000000009095,387.4891666666667,1793.5591666666667,-0.10065661498060763,10.358187614768893
2009,12,0.67,387.63,1796.73,1360.8821205322454,31513.014,323,1.3999999999999773,-1.1299999999998818,387.6425,1793.5725,-0.1239104605549528,10.358187614768893
2010,1,0.74,388.91,1797.37,1360.8591337215794,33317.672,324,1.2800000000000296,0.6399999999998727,387.78749999999997,1793.765,-0.14689727122095064,10.413873239544133
2010,2,0.83,390.41,1798.96,1360.8364660183413,33317.672,325,1.5,1.5900000000001455,388.0133333333333,1794.0458333333333,-0.1695649744590355,10.413873239544133
2010,3,0.92,391.37,1799.49,1360.8141687721698,33317.672,326,0.9599999999999795,0.5299999999999727,388.20750000000004,1794.3425,-0.19186222063058267,10.413873239544133
2010,4,0.85,392.67,1799.61,1360.792292493499,33317.672,327,1.3000000000000114,0.11999999999989086,388.45,1794.6808333333336,-0.21373849930137112,10.413873239544133
2010,5,0.75,393.21,1797.63,1360.7708867391364,33317.672,328,0.5399999999999636,-1.9799999999997908,388.6875,1795.1166666666666,-0.23514425366397518,10.413873239544133
2010,6,0.67,392.38,1792.4,1360.75,33317.672,329,-0.8299999999999841,-5.230000000000018,388.9108333333333,1795.5708333333332,-0.2560309928003335,10.413873239544133
2010,7,0.63,390.41,1789.29,1360.729679591272,33317.672,330,-1.9699999999999704,-3.1100000000001273,389.0916666666667,1795.9233333333334,-0.27635140152824533,10.413873239544133
2010,8,0.66,388.54,1794.0,1360.7099715452143,33317.672,331,-1.8700000000000045,4.710000000000036,389.2791666666667,1796.3466666666666,-0.29605944758600344,10.413873239544133
2010,9,0.62,387.03,1801.93,1360.6909205068896,33317.672,332,-1.5100000000000477,7.930000000000064,389.45250000000004,1796.9400000000003,-0.3151104859107363,10.413873239544133
2010,10,0.71,387.43,1806.73,1360.6725696330273,33317.672,333,0.4000000000000341,4.7999999999999545,389.68499999999995,1797.6666666666667,-0.3334613597730822,10.413873239544133
2010,11,0.81,388.87,1807.07,1360.654960494259,33317.672,334,1.4399999999999977,0.33999999999991815,389.90500000000003,1798.4341666666667,-0.3510704985412758,10.413873239544133
2010,12,0.45,389.99,1803.28,1360.6381329809474,33317.672,335,1.1200000000000045,-3.7899999999999636,390.1016666666667,1798.9799999999998,-0.367898011852958,10.413873239544133
2011,1,0.52,391.5,1799.99,1360.6221252128228,34479.988,336,1.509999999999991,-3.2899999999999636,390.31750000000005,1799.1983333333335,-0.38390577997756736,10.448163378659446
2011,2,0.47,392.05,1800.03,1360.6069734526286,34479.988,337,0.5500000000000114,0.03999999999996362,390.4541666666667,1799.2875000000001,-0.3990575401717251,10.448163378659446
2011,3,0.65,392.8,1801.03,1360.5927120239749,34479.988,338,0.75,1.0,390.57333333333327,1799.4158333333332,-0.4133189688254788,10.448163378659446
2011,4,0.64,393.44,1802.82,1360.5793732335844,34479.988,339,0.6399999999999864,1.7899999999999636,390.6375,1799.6833333333332,-0.42665775921591376,10.448163378659446
2011,5,0.53,394.41,1803.13,1360.5669872981077,34479.988,340,0.9700000000000273,0.3100000000001728,390.7375,1800.1416666666667,-0.4390436946926002,10.448163378659446
2011,6,0.62,393.95,1798.99,1360.5555822756726,34479.988,341,-0.4600000000000364,-4.1400000000001,390.86833333333334,1800.6908333333333,-0.450448717127756,10.448163378659446
2011,7,0.7,392.72,1796.05,1360.5451840023227,34479.988,342,-1.2299999999999613,-2.9400000000000546,391.0608333333334,1801.2541666666666,-0.46084699047764843,10.448163378659446
2011,8,0.74,390.33,1798.99,1360.535816033492,34479.988,343,-2.390000000000043,2.9400000000000546,391.21,1801.67,-0.47021495930835044,10.448163378659446
2011,9,0.55,389.28,1804.16,1360.5274995906427,34479.988,344,-1.0500000000000114,5.170000000000073,391.3975,1801.8558333333333,-0.47853140215761414,10.448163378659446
2011,10,0.65,389.19,1809.6,1360.5202535131928,34479.988,345,-0.08999999999997499,5.439999999999827,391.54416666666674,1802.095,-0.48577747960757733,10.448163378659446
2011,11,0.59,390.48,1812.32,1360.5140942158382,34479.988,346,1.2900000000000205,2.7200000000000273,391.6783333333333,1802.5325,-0.49193677696212035,10.448163378659446
2011,12,0.6,392.06,1810.04,1360.5090356513685,34479.988,347,1.579999999999984,-2.2799999999999727,391.85083333333336,1803.0958333333335,-0.49699534143178425,10.448163378659446
2012,1,0.47,393.31,1807.44,1360.5050892790596,34954.734,348,1.25,-2.599999999999909,392.0016666666666,1803.7166666666665,-0.5009417137407581,10.46183779715217
2012,2,0.48,394.04,1808.39,1360.5022640387135,34954.734,349,0.7300000000000182,0.9500000000000455,392.1675,1804.4133333333332,-0.5037669540868137,10.46183779715217
2012,3,0.56,394.59,1810.05,1360.5005663304084,34954.734,350,0.5499999999999545,1.6599999999998545,392.31666666666666,1805.1650000000002,-0.505464662391887,10.46183779715217
2012,4,0.72,396.38,1808.51,1360.5,34954.734,351,1.7900000000000205,-1.5399999999999636,392.56166666666667,1805.6391666666668,-0.5060309928003335,10.46183779715217
2012,5,0.78,396.93,1804.84,1360.5005663304084,34954.734,352,0.5500000000000114,-3.6700000000000728,392.7716666666667,1805.7816666666668,-0.505464662391887,10.46183779715217
2012,6,0.64,395.91,1801.04,1360.5022640387135,34954.734,353,-1.0199999999999818,-3.7999999999999545,392.935,1805.9525,-0.5037669540868137,10.46183779715217
2012,7,0.58,394.56,1799.36,1360.5050892790596,34954.734,354,-1.3500000000000227,-1.6800000000000637,393.08833333333337,1806.2283333333332,-0.5009417137407581,10.46183779715217
2012,8,0.65,392.59,1803.29,1360.5090356513685,34954.734,355,-1.9700000000000273,3.9300000000000637,393.27666666666664,1806.5866666666664,-0.49699534143178425,10.46183779715217
2012,9,0.71,391.32,1810.16,1360.5140942158382,34954.734,356,-1.2699999999999818,6.870000000000118,393.4466666666667,1807.0866666666664,-0.49193677696212035,10.46183779715217
2012,10,0.79,391.27,1814.86,1360.5202535131928,34954.734,357,-0.05000000000001137,4.699999999999818,393.61999999999995,1807.5249999999999,-0.48577747960757733,10.46183779715217
2012,11,0.78,393.2,1815.95,1360.5274995906427,34954.734,358,1.9300000000000068,1.0900000000001455,393.84666666666664,1807.8275,-0.47853140215761414,10.46183779715217
2012,12,0.52,394.57,1814.56,1360.535816033492,34954.734,359,1.3700000000000045,-1.3900000000001,394.05583333333334,1808.2041666666667,-0.47021495930835044,10.46183779715217
2013,1,0.71,395.78,1814.05,1360.5451840023227,35275.82,360,1.2099999999999795,-0.5099999999999909,394.2616666666667,1808.755,-0.46084699047764843,10.470981370003807
2013,2,0.61,397.03,1814.15,1360.5555822756726,35275.82,361,1.25,0.10000000000013642,394.5108333333333,1809.235,-0.450448717127756,10.470981370003807
2013,3,0.67,397.66,1813.25,1360.5669872981077,35275.82,362,0.6300000000000523,-0.900000000000091,394.76666666666665,1809.5016666666663,-0.4390436946926002,10.470981370003807
2013,4,0.53,398.64,1812.84,1360.5793732335844,35275.82,363,0.9799999999999613,-0.41000000000008185,394.955,1809.8625,-0.42665775921591376,10.470981370003807
2013,5,0.6,400.02,1811.93,1360.5927120239749,35275.82,364,1.3799999999999955,-0.9099999999998545,395.21250000000003,1810.4533333333331,-0.4133189688254788,10.470981370003807
2013,6,0.69,398.81,1808.59,1360.6069734526286,35275.82,365,-1.2099999999999795,-3.3400000000001455,395.45416666666665,1811.0824999999998,-0.3990575401717251,10.470981370003807
2013,7,0.6,397.51,1805.98,1360.6221252128228,35275.82,366,-1.3000000000000114,-2.6099999999999,395.7,1811.6341666666665,-0.38390577997756736,10.470981370003807
2013,8,0.7,395.39,1808.52,1360.6381329809474,35275.82,367,-2.1200000000000045,2.5399999999999636,395.9333333333334,1812.07,-0.367898011852958,10.470981370003807
2013,9,0.76,393.72,1814.24,1360.6549604942588,35275.82,368,-1.669999999999959,5.720000000000027,396.13333333333327,1812.41,-0.3510704985415032,10.470981370003807
2013,10,0.69,393.9,1818.51,1360.6725696330273,35275.82,369,0.17999999999994998,4.269999999999982,396.3525,1812.7141666666666,-0.3334613597730822,10.470981370003807
2013,11,0.83,395.36,1820.34,1360.6909205068896,35275.82,370,1.4600000000000364,1.8299999999999272,396.5325,1813.08,-0.3151104859107363,10.470981370003807
2013,12,0.7,397.03,1819.32,1360.7099715452143,35275.82,371,1.669999999999959,-1.0199999999999818,396.73749999999995,1813.4766666666665,-0.29605944758600344,10.470981370003807
2014,1,0.76,398.04,1816.76,1360.729679591272,35465.695,372,1.0100000000000477,-2.5599999999999454,396.9258333333333,1813.7025,-0.27635140152824533,10.476349366093432
2014,2,0.55,398.27,1816.27,1360.75,35465.695,373,0.22999999999996135,-0.4900000000000091,397.0291666666667,1813.8791666666668,-0.2560309928003335,10.476349366093432
2014,3,0.78,399.91,1818.06,1360.7708867391364,35465.695,374,1.6400000000000432,1.7899999999999636,397.2166666666667,1814.28,-0.23514425366397518,10.476349366093432
2014,4,0.8,401.51,1820.88,1360.792292493499,35465.695,375,1.599999999999966,2.8200000000001637,397.4558333333334,1814.95,-0.21373849930137112,10.476349366093432
2014,5,0.86,401.96,1821.95,1360.8141687721698,35465.695,376,0.44999999999998863,1.0699999999999363,397.6175,1815.785,-0.19186222063058267,10.476349366093432
2014,6,0.67,401.43,1818.46,1360.8364660183413,35465.695,377,-0.5299999999999727,-3.490000000000009,397.8358333333333,1816.6075,-0.1695649744590355,10.476349366093432
2014,7,0.58,399.27,1815.76,1360.8591337215794,35465.695,378,-2.160000000000025,-2.7000000000000455,397.9825,1817.4225,-0.14689727122095064,10.476349366093432
2014,8,0.83,397.18,1819.88,1360.8821205322454,35465.695,379,-2.089999999999975,4.120000000000118,398.13166666666666,1818.3691666666666,-0.1239104605549528,10.476349366093432
2014,9,0.87,395.54,1826.87,1360.9053743778197,35465.695,380,-1.6399999999999864,6.989999999999782,398.28333333333336,1819.4216666666664,-0.10065661498060763,10.476349366093432
2014,10,0.8,396.16,1831.22,1360.9288425808634,35465.695,381,0.6200000000000045,4.350000000000136,398.47166666666664,1820.4808333333333,-0.0771884119369588,10.476349366093432
2014,11,0.67,397.4,1833.0,1360.9524719783478,35465.695,382,1.2399999999999523,1.7799999999999727,398.64166666666665,1821.5358333333334,-0.053559014452503106,10.476349366093432
2014,12,0.78,399.08,1833.46,1360.9762090420882,35465.695,383,1.6800000000000068,0.4600000000000364,398.8125,1822.7141666666666,-0.02982195071217575,10.476349366093432
2015,1,0.86,400.18,1833.11,1361.0,35403.527,384,1.1000000000000227,-0.3500000000001364,398.99083333333334,1824.0766666666666,-0.006030992800333479,10.474594972301675
2015,2,0.91,400.55,1832.96,1361.0237909579118,35403.527,385,0.37000000000000455,-0.14999999999986358,399.18083333333334,1825.4675,0.01775996511150879,10.474594972301675
2015,3,0.96,401.74,1833.19,1361.0475280216522,35403.527,386,1.1899999999999977,0.2300000000000182,399.3333333333333,1826.7283333333335,0.04149702885183615,10.474594972301675
2015,4,0.75,403.35,1833.15,1361.0711574191366,35403.527,387,1.6100000000000136,-0.03999999999996362,399.4866666666667,1827.7508333333333,0.06512642633629184,10.474594972301675
2015,5,0.79,404.15,1831.52,1361.0946256221803,35403.527,388,0.7999999999999545,-1.6300000000001091,399.6691666666666,1828.5483333333332,0.08859462937994067,10.474594972301675
2015,6,0.81,402.97,1827.11,1361.1178794677546,35403.527,389,-1.17999999999995,-4.410000000000082,399.79750000000007,1829.2691666666667,0.11184847495428585,10.474594972301675
2015,7,0.73,401.46,1824.59,1361.1408662784206,35403.527,390,-1.5100000000000477,-2.519999999999982,399.98,1830.005,0.13483528562028368,10.474594972301675
2015,8,0.79,399.11,1828.96,1361.1635339816587,35403.527,391,-2.349999999999966,4.370000000000118,400.1408333333333,1830.7616666666665,0.15750298885836855,10.474594972301675
2015,9,0.83,397.82,1836.21,1361.1858312278302,35403.527,392,-1.2900000000000205,7.25,400.33083333333326,1831.5400000000002,0.1798002350299157,10.474594972301675
2015,10,1.07,398.49,1841.48,1361.207707506501,35403.527,393,0.6700000000000159,5.269999999999982,400.52500000000003,1832.3950000000002,0.20167651370070416,10.474594972301675
2015,11,1.05,400.27,1844.54,1361.2291132608636,35403.527,394,1.7799999999999727,3.0599999999999454,400.76416666666665,1833.3566666666666,0.22308226806330822,10.474594972301675
2015,12,1.17,402.06,1844.74,1361.25,35403.527,395,1.7900000000000205,0.20000000000004547,401.01250000000005,1834.2966666666669,0.24396900719966652,10.474594972301675
2016,1,1.17,402.73,1842.53,1361.2703204087277,35392.832,396,0.6700000000000159,-2.2100000000000364,401.22499999999997,1835.0816666666667,0.264289415927351,10.47429284665265
2016,2,1.36,404.25,1841.74,1361.2900284547857,35392.832,397,1.5199999999999818,-0.7899999999999636,401.5333333333333,1835.8133333333335,0.2839974619853365,10.47429284665265
2016,3,1.35,405.06,1843.04,1361.3090794931104,35392.832,398,0.8100000000000023,1.2999999999999545,401.81,1836.6341666666667,0.30304850031006936,10.47429284665265
2016,4,1.08,407.6,1843.74,1361.3274303669727,35392.832,399,2.5400000000000205,0.7000000000000455,402.16416666666663,1837.5166666666667,0.32139937417241526,10.47429284665265
2016,5,0.95,407.9,1842.15,1361.3450395057412,35392.832,400,0.2999999999999545,-1.5899999999999181,402.4766666666667,1838.4025000000001,0.3390085129408362,10.47429284665265
2016,6,0.8,406.99,1837.9,1361.3618670190526,35392.832,401,-0.9099999999999682,-4.25,402.81166666666667,1839.3016666666665,0.35583602625229105,10.47429284665265
2016,7,0.84,404.59,1834.26,1361.3778747871772,35392.832,402,-2.400000000000034,-3.6400000000001,403.0725,1840.1075,0.3718437943769004,10.47429284665265
2016,8,1.01,402.45,1836.83,1361.3930265473714,35392.832,403,-2.1399999999999864,2.5699999999999363,403.35083333333336,1840.7633333333333,0.38699555457105816,10.47429284665265
2016,9,0.9,401.23,1844.33,1361.4072879760251,35392.832,404,-1.2199999999999704,7.5,403.63500000000005,1841.4399999999998,0.40125698322481185,10.47429284665265
2016,10,0.86,401.79,1849.96,1361.4206267664156,35392.832,405,0.5600000000000023,5.630000000000109,403.91,1842.1466666666665,0.4145957736152468,10.47429284665265
2016,11,0.91,403.72,1851.46,1361.4330127018923,35392.832,406,1.9300000000000068,1.5,404.1975,1842.7233333333334,0.4269817090919332,10.47429284665265
2016,12,0.86,404.64,1851.05,1361.4444177243274,35392.832,407,0.9199999999999591,-0.41000000000008185,404.41249999999997,1843.2491666666665,0.43838673152708907,10.47429284665265
2017,1,1.02,406.36,1849.74,1361.4548159976773,35974.609,408,1.7200000000000273,-1.3099999999999454,404.715,1843.8500000000001,0.4487850048769815,10.4905964600348
2017,2,1.13,406.65,1848.49,1361.464183966508,35974.609,409,0.2899999999999636,-1.25,404.915,1844.4125000000001,0.4581529737076835,10.4905964600348
2017,3,1.16,407.54,1848.24,1361.4725004093573,35974.609,410,0.8900000000000432,-0.25,405.12166666666667,1844.845833333333,0.4664694165569472,10.4905964600348
2017,4,0.93,409.22,1848.57,1361.4797464868072,35974.609,411,1.6800000000000068,0.32999999999992724,405.25666666666666,1845.2483333333332,0.4737154940069104,10.4905964600348
2017,5,0.91,409.89,1847.22,1361.4859057841618,35974.609,412,0.6699999999999591,-1.349999999999909,405.42249999999996,1845.6708333333333,0.4798747913614534,10.4905964600348
2017,6,0.71,409.08,1842.89,1361.4909643486315,35974.609,413,-0.8100000000000023,-4.329999999999927,405.59666666666664,1846.0866666666668,0.4849333558311173,10.4905964600348
2017,7,0.82,407.33,1840.22,1361.4949107209404,35974.609,414,-1.75,-2.6700000000000728,405.825,1846.5833333333333,0.4888797281400912,10.4905964600348
2017,8,0.87,405.32,1844.58,1361.4977359612865,35974.609,415,-2.009999999999991,4.3599999999999,406.0641666666667,1847.2291666666667,0.49170496848614675,10.4905964600348
2017,9,0.74,403.57,1852.76,1361.4994336695916,35974.609,416,-1.75,8.180000000000064,406.2591666666667,1847.9316666666666,0.4934026767912201,10.4905964600348
2017,10,0.88,403.82,1858.03,1361.5,35974.609,417,0.25,5.269999999999982,406.4283333333333,1848.6041666666667,0.4939690071996665,10.4905964600348
2017,11,0.87,405.31,1858.6,1361.4994336695916,35974.609,418,1.490000000000009,0.5699999999999363,406.5608333333334,1849.1991666666665,0.4934026767912201,10.4905964600348
2017,12,0.93,407.0,1856.59,1361.4977359612865,35974.609,419,1.6899999999999977,-2.009999999999991,406.7575,1849.6608333333331,0.49170496848614675,10.4905964600348
2018,1,0.82,408.15,1854.53,1361.4949107209404,36734.004,420,1.1499999999999773,-2.0599999999999454,406.9066666666667,1850.0600000000002,0.4888797281400912,10.511485366942354
2018,2,0.84,408.52,1855.08,1361.4909643486315,36734.004,421,0.37000000000000455,0.5499999999999545,407.0625,1850.6091666666664,0.4849333558311173,10.511485366942354
2018,3,0.88,409.59,1856.97,1361.4859057841618,36734.004,422,1.0699999999999932,1.8900000000001,407.2333333333333,1851.3366666666668,0.4798747913614534,10.511485366942354
2018,4,0.88,410.45,1856.74,1361.4797464868072,36734.004,423,0.8600000000000136,-0.2300000000000182,407.33583333333337,1852.0175,0.4737154940069104,10.511485366942354
2018,5,0.81,411.44,1854.71,1361.4725004093573,36734.004,424,0.9900000000000091,-2.0299999999999727,407.465,1852.6416666666667,0.4664694165569472,10.511485366942354
2018,6,0.76,410.99,1851.85,1361.464183966508,36734.004,425,-0.44999999999998863,-2.8600000000001273,407.62416666666667,1853.3883333333333,0.4581529737076835,10.511485366942354
2018,7,0.83,408.9,1849.05,1361.4548159976773,36734.004,426,-2.090000000000032,-2.7999999999999545,407.75500000000005,1854.1241666666665,0.4487850048769815,10.511485366942354
2018,8,0.78,407.16,1851.94,1361.4444177243274,36734.004,427,-1.7399999999999523,2.8900000000001,407.9083333333333,1854.7375000000002,0.43838673152708907,10.511485366942354
2018,9,0.8,405.71,1860.46,1361.4330127018923,36734.004,428,-1.4500000000000455,8.519999999999982,408.08666666666664,1855.3791666666666,0.4269817090919332,10.511485366942354
2018,10,1.01,406.19,1865.75,1361.4206267664156,36734.004,429,0.4800000000000182,5.289999999999964,408.28416666666664,1856.0225,0.4145957736152468,10.511485366942354
2018,11,0.83,408.21,1866.25,1361.4072879760251,36734.004,430,2.019999999999982,0.5,408.5258333333333,1856.66,0.40125698322481185,10.511485366942354
2018,12,0.92,409.27,1866.02,1361.3930265473714,36734.004,431,1.0600000000000023,-0.2300000000000182,408.715,1857.4458333333334,0.38699555457105816,10.511485366942354
2019,1,0.93,411.03,1865.01,1361.3778747871772,37086.566,432,1.759999999999991,-1.009999999999991,408.955,1858.3191666666664,0.3718437943769004,10.521037044172822
2019,2,0.95,411.96,1865.03,1361.3618670190526,37086.566,433,0.9300000000000068,0.01999999999998181,409.2416666666666,1859.1483333333333,0.35583602625229105,10.521037044172822
2019,3,1.17,412.18,1866.3,1361.3450395057412,37086.566,434,0.22000000000002728,1.2699999999999818,409.45750000000004,1859.9258333333335,0.3390085129408362,10.521037044172822
2019,4,1.01,413.54,1865.33,1361.3274303669727,37086.566,435,1.3600000000000136,-0.9700000000000273,409.715,1860.6416666666667,0.32139937417241526,10.521037044172822
2019,5,0.86,414.86,1861.96,1361.3090794931104,37086.566,436,1.3199999999999932,-3.369999999999891,410.0,1861.2458333333332,0.30304850031006936,10.521037044172822
2019,6,0.9,414.15,1858.57,1361.2900284547857,37086.566,437,-0.7100000000000364,-3.3900000000001,410.2633333333333,1861.805833333333,0.2839974619853365,10.521037044172822
2019,7,0.94,411.96,1857.99,1361.270320408728,37086.566,438,-2.1899999999999977,-0.5799999999999272,410.51833333333326,1862.5508333333335,0.2642894159275784,10.521037044172822
2019,8,0.95,410.17,1862.87,1361.25,37086.566,439,-1.7899999999999636,4.879999999999882,410.76916666666665,1863.4616666666664,0.24396900719966652,10.521037044172822
2019,9,0.93,408.76,1870.79,1361.2291132608636,37086.566,440,-1.410000000000025,7.920000000000073,411.0233333333333,1864.3225,0.22308226806330822,10.521037044172822
2019,10,1.0,408.74,1875.42,1361.207707506501,37086.566,441,-0.01999999999998181,4.630000000000109,411.23583333333335,1865.1283333333333,0.20167651370070416,10.521037044172822
2019,11,0.99,410.47,1875.61,1361.1858312278302,37086.566,442,1.7300000000000182,0.1899999999998272,411.4241666666667,1865.908333333333,0.1798002350299157,10.521037044172822
2019,12,1.11,411.97,1874.61,1361.1635339816587,37086.566,443,1.5,-1.0,411.64916666666664,1866.6241666666665,0.15750298885836855,10.521037044172822
2020,1,1.18,413.59,1872.91,1361.1408662784206,35158.23,444,1.6199999999999477,-1.699999999999818,411.8625,1867.2825,0.13483528562028368,10.467642451673074
2020,2,1.24,414.32,1872.3,1361.1178794677546,35158.23,445,0.7300000000000182,-0.6100000000001273,412.05916666666667,1867.8883333333333,0.11184847495428585,10.467642451673074
2020,3,1.18,414.72,1874.37,1361.0946256221803,35158.23,446,0.4000000000000341,2.0699999999999363,412.2708333333333,1868.5608333333332,0.08859462937994067,10.467642451673074
2020,4,1.12,416.42,1875.78,1361.0711574191366,35158.23,447,1.6999999999999886,1.4100000000000819,412.5108333333333,1869.4316666666666,0.06512642633629184,10.467642451673074
2020,5,0.99,417.28,1874.41,1361.0475280216522,35158.23,448,0.8599999999999568,-1.3699999999998909,412.71250000000003,1870.4691666666668,0.04149702885183615,10.467642451673074
2020,6,0.91,416.58,1871.97,1361.0237909579118,35158.23,449,-0.6999999999999886,-2.4400000000000546,412.915,1871.5858333333333,0.01775996511150879,10.467642451673074
2020,7,0.89,414.58,1871.47,1361.0,35158.23,450,-2.0,-0.5,413.1333333333334,1872.7091666666665,-0.006030992800333479,10.467642451673074
2020,8,0.86,412.75,1876.39,1360.9762090420882,35158.23,451,-1.829999999999984,4.920000000000073,413.34833333333336,1873.8358333333335,-0.02982195071217575,10.467642451673074
2020,9,0.96,411.5,1884.56,1360.9524719783478,35158.23,452,-1.25,8.169999999999845,413.57666666666665,1874.9833333333333,-0.053559014452503106,10.467642451673074
2020,10,0.87,411.49,1889.99,1360.9288425808634,35158.23,453,-0.009999999999990905,5.430000000000064,413.80583333333334,1876.1975,-0.0771884119369588,10.467642451673074
2020,11,1.08,413.1,1891.47,1360.9053743778197,35158.23,454,1.6100000000000136,1.4800000000000182,414.02500000000003,1877.519166666667,-0.10065661498060763,10.467642451673074
2020,12,0.79,414.23,1890.97,1360.8821205322454,35158.23,455,1.1299999999999955,-0.5,414.2133333333333,1878.8825,-0.1239104605549528,10.467642451673074
2021,1,0.81,415.49,1888.62,1360.8591337215794,36866.863,456,1.259999999999991,-2.3500000000001364,414.37166666666667,1880.1916666666666,-0.14689727122095064,10.515095529147011
2021,2,0.64,416.72,1886.66,1360.8364660183413,36866.863,457,1.2300000000000182,-1.959999999999809,414.57166666666666,1881.3883333333335,-0.1695649744590355,10.515095529147011
2021,3,0.89,417.61,1887.99,1360.8141687721698,36866.863,458,0.8899999999999864,1.3299999999999272,414.8125,1882.5233333333333,-0.19186222063058267,10.515095529147011
2021,4,0.76,419.01,1890.8,1360.792292493499,36866.863,459,1.3999999999999773,2.8099999999999454,415.02833333333325,1883.7749999999999,-0.21373849930137112,10.515095529147011
2021,5,0.79,419.09,1891.28,1360.7708867391364,36866.863,460,0.07999999999998408,0.4800000000000182,415.1791666666666,1885.1808333333336,-0.23514425366397518,10.515095529147011
2021,6,0.85,418.93,1888.08,1360.75,36866.863,461,-0.15999999999996817,-3.2000000000000455,415.375,1886.5233333333333,-0.2560309928003335,10.515095529147011
2021,7,0.92,416.9,1885.99,1360.7296795912723,36866.863,462,-2.0300000000000296,-2.089999999999918,415.5683333333333,1887.7333333333336,-0.27635140152801796,10.515095529147011
2021,8,0.81,414.42,1892.32,1360.7099715452143,36866.863,463,-2.4799999999999613,6.329999999999927,415.7075,1889.0608333333332,-0.29605944758600344,10.515095529147011
2021,9,0.92,413.26,1902.43,1360.6909205068896,36866.863,464,-1.160000000000025,10.110000000000127,415.8541666666667,1890.5500000000002,-0.3151104859107363,10.515095529147011
2021,10,0.98,413.9,1907.92,1360.6725696330273,36866.863,465,0.6399999999999864,5.490000000000009,416.055,1892.0441666666666,-0.3334613597730822,10.515095529147011
2021,11,0.92,414.97,1909.23,1360.654960494259,36866.863,466,1.07000000000005,1.3099999999999454,416.2108333333333,1893.5241666666664,-0.3510704985412758,10.515095529147011
2021,12,0.87,416.67,1907.95,1360.6381329809474,36866.863,467,1.6999999999999886,-1.2799999999999727,416.4141666666667,1894.9391666666668,-0.367898011852958,10.515095529147011
2022,1,0.91,418.13,1906.33,1360.6221252128228,37527.773,468,1.4599999999999795,-1.6200000000001182,416.63416666666666,1896.4150000000002,-0.38390577997756736,10.532863197749688
2022,2,0.89,419.24,1906.42,1360.6069734526286,37527.773,469,1.1100000000000136,0.09000000000014552,416.8441666666667,1898.0616666666665,-0.3990575401717251,10.532863197749688
2022,3,1.04,418.76,1907.77,1360.5927120239749,37527.773,470,-0.4800000000000182,1.349999999999909,416.94,1899.71,-0.4133189688254788,10.532863197749688
2022,4,0.83,420.19,1908.84,1360.5793732335844,37527.773,471,1.4300000000000068,1.0699999999999363,417.03833333333336,1901.2133333333334,-0.42665775921591376,10.532863197749688
2022,5,0.84,420.97,1907.49,1360.5669872981077,37527.773,472,0.7800000000000296,-1.349999999999909,417.195,1902.5641666666663,-0.4390436946926002,10.532863197749688
2022,6,0.92,420.94,1904.83,1360.5555822756726,37527.773,473,-0.03000000000002956,-2.660000000000082,417.3625,1903.96,-0.450448717127756,10.532863197749688
2022,7,0.94,418.85,1904.0,1360.5451840023227,37527.773,474,-2.089999999999975,-0.8299999999999272,417.52500000000003,1905.4608333333333,-0.46084699047764843,10.532863197749688
2022,8,0.94,417.15,1908.32,1360.535816033492,37527.773,475,-1.7000000000000455,4.319999999999936,417.75250000000005,1906.7941666666666,-0.47021495930835044,10.532863197749688
2022,9,0.88,415.91,1915.03,1360.5274995906427,37527.773,476,-1.2399999999999523,6.710000000000036,417.97333333333336,1907.8441666666665,-0.47853140215761414,10.532863197749688
2022,10,0.97,415.74,1919.46,1360.5202535131928,37527.773,477,-0.17000000000001592,4.430000000000064,418.1266666666667,1908.8058333333336,-0.48577747960757733,10.532863197749688
2022,11,0.73,417.47,1922.21,1360.5140942158382,37527.773,478,1.7300000000000182,2.75,418.33500000000004,1909.8875,-0.49193677696212035,10.532863197749688
2022,12,0.79,418.99,1922.02,1360.5090356513685,37527.773,479,1.5199999999999818,-0.19000000000005457,418.52833333333336,1911.0600000000002,-0.49699534143178425,10.532863197749688
2023,1,0.87,419.47,1919.9,1360.5050892790596,38094.039,480,0.4800000000000182,-2.119999999999891,418.64000000000004,1912.190833333333,-0.5009417137407581,10.547839342662984
2023,2,0.96,420.31,1918.93,1360.5022640387135,38094.039,481,0.839999999999975,-0.9700000000000273,418.7291666666667,1913.2333333333333,-0.5037669540868137,10.547839342662984
2023,3,1.23,420.99,1918.73,1360.5005663304084,38094.039,482,0.6800000000000068,-0.20000000000004547,418.915,1914.1466666666665,-0.505464662391887,10.547839342662984
2023,4,0.99,423.31,1919.7,1360.5,38094.039,483,2.319999999999993,0.9700000000000273,419.175,1915.0516666666665,-0.5060309928003335,10.547839342662984
2023,5,0.94,424.0,1919.12,1360.5005663304084,38094.039,484,0.6899999999999977,-0.5800000000001546,419.4275,1916.0208333333333,-0.505464662391887,10.547839342662984
2023,6,1.08,423.68,1915.05,1360.5022640387135,38094.039,485,-0.3199999999999932,-4.069999999999936,419.6558333333333,1916.8725000000002,-0.5037669540868137,10.547839342662984
2023,7,1.19,421.83,1912.94,1360.5050892790596,38094.039,486,-1.8500000000000227,-2.1099999999999,419.9041666666667,1917.6175,-0.5009417137407581,10.547839342662984
2023,8,1.19,419.68,1916.7,1360.5090356513685,38094.039,487,-2.1499999999999773,3.759999999999991,420.115,1918.3158333333333,-0.49699534143178425,10.547839342662984
2023,9,1.48,418.5,1924.38,1360.5140942158382,38094.039,488,-1.1800000000000068,7.680000000000064,420.3308333333334,1919.0950000000003,-0.49193677696212035,10.547839342662984
2023,10,1.34,418.82,1930.11,1360.5202535131928,38094.039,489,0.3199999999999932,5.729999999999791,420.58750000000003,1919.9824999999998,-0.48577747960757733,10.547839342662984
2023,11,1.4,420.46,1931.55,1360.5274995906427,38094.039,490,1.6399999999999864,1.4400000000000546,420.83666666666664,1920.7608333333335,-0.47853140215761414,10.547839342662984
2023,12,1.35,421.86,1931.15,1360.535816033492,38094.039,491,1.400000000000034,-0.3999999999998636,421.0758333333333,1921.5216666666665,-0.47021495930835044,10.547839342662984
